User-name,Email,Phone number,Address,
Ahmed,ahmed@gmail.com,1234568745,Cairo,
Mohamed,mohamed@gmail.com,1234567894,Italy,
Mahmoud,mahmoud@gmail.com,1234567895,London,
heba,heba@gmail.com,1234567891,Cairo,
Alaa,alaa@gmail.com,1235874589,London,
Hossam,hossam@gmail.com,1257854125,Spain,
Rahma,rahma@gmail.com,1257895632,Alexandria,
Hala,haala@gmail.com,1234789651,London,
